command,mean,stddev,median,user,system,min,max
PYTHON_GIL=0 python /workspace/src/2_multithreading/workers.py 7e240de74fb1ed08fa08d38063f6a6a91462a815,0.16929721679999998,0.010874000206309754,0.17295620820000002,0.17513477,0.021938080000000002,0.1402117507,0.18066633370000001
